hs_code,exporter_iso,importer_iso,share
2709,RUS,CHN,0.05
2709,RUS,IND,0.05
2709,RUS,USA,0.05
2709,RUS,JPN,0.05
2709,RUS,KOR,0.05
2709,RUS,DEU,0.05
2709,RUS,FRA,0.05
2709,RUS,ITA,0.05
2709,RUS,ESP,0.05
2709,RUS,GBR,0.05
2709,RUS,BRA,0.05
2709,RUS,MEX,0.05
2709,RUS,CAN,0.05
2709,RUS,TUR,0.05
2709,RUS,EGY,0.05
2709,RUS,NLD,0.05
2709,RUS,POL,0.05
2709,RUS,ZAF,0.05
2709,RUS,AUS,0.05
2709,RUS,OTH,0.05
2709,SAU,CHN,0.05
2709,SAU,IND,0.05
2709,SAU,USA,0.05
2709,SAU,JPN,0.05
2709,SAU,KOR,0.05
2709,SAU,DEU,0.05
2709,SAU,FRA,0.05
2709,SAU,ITA,0.05
2709,SAU,ESP,0.05
2709,SAU,GBR,0.05
2709,SAU,BRA,0.05
2709,SAU,MEX,0.05
2709,SAU,CAN,0.05
2709,SAU,TUR,0.05
2709,SAU,EGY,0.05
2709,SAU,NLD,0.05
2709,SAU,POL,0.05
2709,SAU,ZAF,0.05
2709,SAU,AUS,0.05
2709,SAU,OTH,0.05
2709,USA,CHN,0.05
2709,USA,IND,0.05
2709,USA,USA,0.05
2709,USA,JPN,0.05
2709,USA,KOR,0.05
2709,USA,DEU,0.05
2709,USA,FRA,0.05
2709,USA,ITA,0.05
2709,USA,ESP,0.05
2709,USA,GBR,0.05
2709,USA,BRA,0.05
2709,USA,MEX,0.05
2709,USA,CAN,0.05
2709,USA,TUR,0.05
2709,USA,EGY,0.05
2709,USA,NLD,0.05
2709,USA,POL,0.05
2709,USA,ZAF,0.05
2709,USA,AUS,0.05
2709,USA,OTH,0.05
2709,IRQ,CHN,0.05
2709,IRQ,IND,0.05
2709,IRQ,USA,0.05
2709,IRQ,JPN,0.05
2709,IRQ,KOR,0.05
2709,IRQ,DEU,0.05
2709,IRQ,FRA,0.05
2709,IRQ,ITA,0.05
2709,IRQ,ESP,0.05
2709,IRQ,GBR,0.05
2709,IRQ,BRA,0.05
2709,IRQ,MEX,0.05
2709,IRQ,CAN,0.05
2709,IRQ,TUR,0.05
2709,IRQ,EGY,0.05
2709,IRQ,NLD,0.05
2709,IRQ,POL,0.05
2709,IRQ,ZAF,0.05
2709,IRQ,AUS,0.05
2709,IRQ,OTH,0.05
2709,CAN,CHN,0.05
2709,CAN,IND,0.05
2709,CAN,USA,0.05
2709,CAN,JPN,0.05
2709,CAN,KOR,0.05
2709,CAN,DEU,0.05
2709,CAN,FRA,0.05
2709,CAN,ITA,0.05
2709,CAN,ESP,0.05
2709,CAN,GBR,0.05
2709,CAN,BRA,0.05
2709,CAN,MEX,0.05
2709,CAN,CAN,0.05
2709,CAN,TUR,0.05
2709,CAN,EGY,0.05
2709,CAN,NLD,0.05
2709,CAN,POL,0.05
2709,CAN,ZAF,0.05
2709,CAN,AUS,0.05
2709,CAN,OTH,0.05
2709,ARE,CHN,0.05
2709,ARE,IND,0.05
2709,ARE,USA,0.05
2709,ARE,JPN,0.05
2709,ARE,KOR,0.05
2709,ARE,DEU,0.05
2709,ARE,FRA,0.05
2709,ARE,ITA,0.05
2709,ARE,ESP,0.05
2709,ARE,GBR,0.05
2709,ARE,BRA,0.05
2709,ARE,MEX,0.05
2709,ARE,CAN,0.05
2709,ARE,TUR,0.05
2709,ARE,EGY,0.05
2709,ARE,NLD,0.05
2709,ARE,POL,0.05
2709,ARE,ZAF,0.05
2709,ARE,AUS,0.05
2709,ARE,OTH,0.05
2709,KWT,CHN,0.05
2709,KWT,IND,0.05
2709,KWT,USA,0.05
2709,KWT,JPN,0.05
2709,KWT,KOR,0.05
2709,KWT,DEU,0.05
2709,KWT,FRA,0.05
2709,KWT,ITA,0.05
2709,KWT,ESP,0.05
2709,KWT,GBR,0.05
2709,KWT,BRA,0.05
2709,KWT,MEX,0.05
2709,KWT,CAN,0.05
2709,KWT,TUR,0.05
2709,KWT,EGY,0.05
2709,KWT,NLD,0.05
2709,KWT,POL,0.05
2709,KWT,ZAF,0.05
2709,KWT,AUS,0.05
2709,KWT,OTH,0.05
2709,IRN,CHN,0.05
2709,IRN,IND,0.05
2709,IRN,USA,0.05
2709,IRN,JPN,0.05
2709,IRN,KOR,0.05
2709,IRN,DEU,0.05
2709,IRN,FRA,0.05
2709,IRN,ITA,0.05
2709,IRN,ESP,0.05
2709,IRN,GBR,0.05
2709,IRN,BRA,0.05
2709,IRN,MEX,0.05
2709,IRN,CAN,0.05
2709,IRN,TUR,0.05
2709,IRN,EGY,0.05
2709,IRN,NLD,0.05
2709,IRN,POL,0.05
2709,IRN,ZAF,0.05
2709,IRN,AUS,0.05
2709,IRN,OTH,0.05
2709,NGA,CHN,0.05
2709,NGA,IND,0.05
2709,NGA,USA,0.05
2709,NGA,JPN,0.05
2709,NGA,KOR,0.05
2709,NGA,DEU,0.05
2709,NGA,FRA,0.05
2709,NGA,ITA,0.05
2709,NGA,ESP,0.05
2709,NGA,GBR,0.05
2709,NGA,BRA,0.05
2709,NGA,MEX,0.05
2709,NGA,CAN,0.05
2709,NGA,TUR,0.05
2709,NGA,EGY,0.05
2709,NGA,NLD,0.05
2709,NGA,POL,0.05
2709,NGA,ZAF,0.05
2709,NGA,AUS,0.05
2709,NGA,OTH,0.05
2709,AGO,CHN,0.05
2709,AGO,IND,0.05
2709,AGO,USA,0.05
2709,AGO,JPN,0.05
2709,AGO,KOR,0.05
2709,AGO,DEU,0.05
2709,AGO,FRA,0.05
2709,AGO,ITA,0.05
2709,AGO,ESP,0.05
2709,AGO,GBR,0.05
2709,AGO,BRA,0.05
2709,AGO,MEX,0.05
2709,AGO,CAN,0.05
2709,AGO,TUR,0.05
2709,AGO,EGY,0.05
2709,AGO,NLD,0.05
2709,AGO,POL,0.05
2709,AGO,ZAF,0.05
2709,AGO,AUS,0.05
2709,AGO,OTH,0.05
2709,BRA,CHN,0.05
2709,BRA,IND,0.05
2709,BRA,USA,0.05
2709,BRA,JPN,0.05
2709,BRA,KOR,0.05
2709,BRA,DEU,0.05
2709,BRA,FRA,0.05
2709,BRA,ITA,0.05
2709,BRA,ESP,0.05
2709,BRA,GBR,0.05
2709,BRA,BRA,0.05
2709,BRA,MEX,0.05
2709,BRA,CAN,0.05
2709,BRA,TUR,0.05
2709,BRA,EGY,0.05
2709,BRA,NLD,0.05
2709,BRA,POL,0.05
2709,BRA,ZAF,0.05
2709,BRA,AUS,0.05
2709,BRA,OTH,0.05
2709,MEX,CHN,0.05
2709,MEX,IND,0.05
2709,MEX,USA,0.05
2709,MEX,JPN,0.05
2709,MEX,KOR,0.05
2709,MEX,DEU,0.05
2709,MEX,FRA,0.05
2709,MEX,ITA,0.05
2709,MEX,ESP,0.05
2709,MEX,GBR,0.05
2709,MEX,BRA,0.05
2709,MEX,MEX,0.05
2709,MEX,CAN,0.05
2709,MEX,TUR,0.05
2709,MEX,EGY,0.05
2709,MEX,NLD,0.05
2709,MEX,POL,0.05
2709,MEX,ZAF,0.05
2709,MEX,AUS,0.05
2709,MEX,OTH,0.05
2709,NOR,CHN,0.05
2709,NOR,IND,0.05
2709,NOR,USA,0.05
2709,NOR,JPN,0.05
2709,NOR,KOR,0.05
2709,NOR,DEU,0.05
2709,NOR,FRA,0.05
2709,NOR,ITA,0.05
2709,NOR,ESP,0.05
2709,NOR,GBR,0.05
2709,NOR,BRA,0.05
2709,NOR,MEX,0.05
2709,NOR,CAN,0.05
2709,NOR,TUR,0.05
2709,NOR,EGY,0.05
2709,NOR,NLD,0.05
2709,NOR,POL,0.05
2709,NOR,ZAF,0.05
2709,NOR,AUS,0.05
2709,NOR,OTH,0.05
2709,KAZ,CHN,0.05
2709,KAZ,IND,0.05
2709,KAZ,USA,0.05
2709,KAZ,JPN,0.05
2709,KAZ,KOR,0.05
2709,KAZ,DEU,0.05
2709,KAZ,FRA,0.05
2709,KAZ,ITA,0.05
2709,KAZ,ESP,0.05
2709,KAZ,GBR,0.05
2709,KAZ,BRA,0.05
2709,KAZ,MEX,0.05
2709,KAZ,CAN,0.05
2709,KAZ,TUR,0.05
2709,KAZ,EGY,0.05
2709,KAZ,NLD,0.05
2709,KAZ,POL,0.05
2709,KAZ,ZAF,0.05
2709,KAZ,AUS,0.05
2709,KAZ,OTH,0.05
2709,VEN,CHN,0.05
2709,VEN,IND,0.05
2709,VEN,USA,0.05
2709,VEN,JPN,0.05
2709,VEN,KOR,0.05
2709,VEN,DEU,0.05
2709,VEN,FRA,0.05
2709,VEN,ITA,0.05
2709,VEN,ESP,0.05
2709,VEN,GBR,0.05
2709,VEN,BRA,0.05
2709,VEN,MEX,0.05
2709,VEN,CAN,0.05
2709,VEN,TUR,0.05
2709,VEN,EGY,0.05
2709,VEN,NLD,0.05
2709,VEN,POL,0.05
2709,VEN,ZAF,0.05
2709,VEN,AUS,0.05
2709,VEN,OTH,0.05
2709,QAT,CHN,0.05
2709,QAT,IND,0.05
2709,QAT,USA,0.05
2709,QAT,JPN,0.05
2709,QAT,KOR,0.05
2709,QAT,DEU,0.05
2709,QAT,FRA,0.05
2709,QAT,ITA,0.05
2709,QAT,ESP,0.05
2709,QAT,GBR,0.05
2709,QAT,BRA,0.05
2709,QAT,MEX,0.05
2709,QAT,CAN,0.05
2709,QAT,TUR,0.05
2709,QAT,EGY,0.05
2709,QAT,NLD,0.05
2709,QAT,POL,0.05
2709,QAT,ZAF,0.05
2709,QAT,AUS,0.05
2709,QAT,OTH,0.05
2709,LBY,CHN,0.05
2709,LBY,IND,0.05
2709,LBY,USA,0.05
2709,LBY,JPN,0.05
2709,LBY,KOR,0.05
2709,LBY,DEU,0.05
2709,LBY,FRA,0.05
2709,LBY,ITA,0.05
2709,LBY,ESP,0.05
2709,LBY,GBR,0.05
2709,LBY,BRA,0.05
2709,LBY,MEX,0.05
2709,LBY,CAN,0.05
2709,LBY,TUR,0.05
2709,LBY,EGY,0.05
2709,LBY,NLD,0.05
2709,LBY,POL,0.05
2709,LBY,ZAF,0.05
2709,LBY,AUS,0.05
2709,LBY,OTH,0.05
2709,GAB,CHN,0.05
2709,GAB,IND,0.05
2709,GAB,USA,0.05
2709,GAB,JPN,0.05
2709,GAB,KOR,0.05
2709,GAB,DEU,0.05
2709,GAB,FRA,0.05
2709,GAB,ITA,0.05
2709,GAB,ESP,0.05
2709,GAB,GBR,0.05
2709,GAB,BRA,0.05
2709,GAB,MEX,0.05
2709,GAB,CAN,0.05
2709,GAB,TUR,0.05
2709,GAB,EGY,0.05
2709,GAB,NLD,0.05
2709,GAB,POL,0.05
2709,GAB,ZAF,0.05
2709,GAB,AUS,0.05
2709,GAB,OTH,0.05
2709,GNQ,CHN,0.05
2709,GNQ,IND,0.05
2709,GNQ,USA,0.05
2709,GNQ,JPN,0.05
2709,GNQ,KOR,0.05
2709,GNQ,DEU,0.05
2709,GNQ,FRA,0.05
2709,GNQ,ITA,0.05
2709,GNQ,ESP,0.05
2709,GNQ,GBR,0.05
2709,GNQ,BRA,0.05
2709,GNQ,MEX,0.05
2709,GNQ,CAN,0.05
2709,GNQ,TUR,0.05
2709,GNQ,EGY,0.05
2709,GNQ,NLD,0.05
2709,GNQ,POL,0.05
2709,GNQ,ZAF,0.05
2709,GNQ,AUS,0.05
2709,GNQ,OTH,0.05
2709,AZE,CHN,0.05
2709,AZE,IND,0.05
2709,AZE,USA,0.05
2709,AZE,JPN,0.05
2709,AZE,KOR,0.05
2709,AZE,DEU,0.05
2709,AZE,FRA,0.05
2709,AZE,ITA,0.05
2709,AZE,ESP,0.05
2709,AZE,GBR,0.05
2709,AZE,BRA,0.05
2709,AZE,MEX,0.05
2709,AZE,CAN,0.05
2709,AZE,TUR,0.05
2709,AZE,EGY,0.05
2709,AZE,NLD,0.05
2709,AZE,POL,0.05
2709,AZE,ZAF,0.05
2709,AZE,AUS,0.05
2709,AZE,OTH,0.05
2710,IND,CHN,0.05
2710,IND,IND,0.05
2710,IND,USA,0.05
2710,IND,JPN,0.05
2710,IND,KOR,0.05
2710,IND,DEU,0.05
2710,IND,FRA,0.05
2710,IND,ITA,0.05
2710,IND,ESP,0.05
2710,IND,GBR,0.05
2710,IND,BRA,0.05
2710,IND,MEX,0.05
2710,IND,CAN,0.05
2710,IND,TUR,0.05
2710,IND,EGY,0.05
2710,IND,NLD,0.05
2710,IND,POL,0.05
2710,IND,ZAF,0.05
2710,IND,AUS,0.05
2710,IND,OTH,0.05
2710,SGP,CHN,0.05
2710,SGP,IND,0.05
2710,SGP,USA,0.05
2710,SGP,JPN,0.05
2710,SGP,KOR,0.05
2710,SGP,DEU,0.05
2710,SGP,FRA,0.05
2710,SGP,ITA,0.05
2710,SGP,ESP,0.05
2710,SGP,GBR,0.05
2710,SGP,BRA,0.05
2710,SGP,MEX,0.05
2710,SGP,CAN,0.05
2710,SGP,TUR,0.05
2710,SGP,EGY,0.05
2710,SGP,NLD,0.05
2710,SGP,POL,0.05
2710,SGP,ZAF,0.05
2710,SGP,AUS,0.05
2710,SGP,OTH,0.05
2710,USA,CHN,0.05
2710,USA,IND,0.05
2710,USA,USA,0.05
2710,USA,JPN,0.05
2710,USA,KOR,0.05
2710,USA,DEU,0.05
2710,USA,FRA,0.05
2710,USA,ITA,0.05
2710,USA,ESP,0.05
2710,USA,GBR,0.05
2710,USA,BRA,0.05
2710,USA,MEX,0.05
2710,USA,CAN,0.05
2710,USA,TUR,0.05
2710,USA,EGY,0.05
2710,USA,NLD,0.05
2710,USA,POL,0.05
2710,USA,ZAF,0.05
2710,USA,AUS,0.05
2710,USA,OTH,0.05
2710,CHN,CHN,0.05
2710,CHN,IND,0.05
2710,CHN,USA,0.05
2710,CHN,JPN,0.05
2710,CHN,KOR,0.05
2710,CHN,DEU,0.05
2710,CHN,FRA,0.05
2710,CHN,ITA,0.05
2710,CHN,ESP,0.05
2710,CHN,GBR,0.05
2710,CHN,BRA,0.05
2710,CHN,MEX,0.05
2710,CHN,CAN,0.05
2710,CHN,TUR,0.05
2710,CHN,EGY,0.05
2710,CHN,NLD,0.05
2710,CHN,POL,0.05
2710,CHN,ZAF,0.05
2710,CHN,AUS,0.05
2710,CHN,OTH,0.05
2710,KOR,CHN,0.05
2710,KOR,IND,0.05
2710,KOR,USA,0.05
2710,KOR,JPN,0.05
2710,KOR,KOR,0.05
2710,KOR,DEU,0.05
2710,KOR,FRA,0.05
2710,KOR,ITA,0.05
2710,KOR,ESP,0.05
2710,KOR,GBR,0.05
2710,KOR,BRA,0.05
2710,KOR,MEX,0.05
2710,KOR,CAN,0.05
2710,KOR,TUR,0.05
2710,KOR,EGY,0.05
2710,KOR,NLD,0.05
2710,KOR,POL,0.05
2710,KOR,ZAF,0.05
2710,KOR,AUS,0.05
2710,KOR,OTH,0.05
2710,JPN,CHN,0.05
2710,JPN,IND,0.05
2710,JPN,USA,0.05
2710,JPN,JPN,0.05
2710,JPN,KOR,0.05
2710,JPN,DEU,0.05
2710,JPN,FRA,0.05
2710,JPN,ITA,0.05
2710,JPN,ESP,0.05
2710,JPN,GBR,0.05
2710,JPN,BRA,0.05
2710,JPN,MEX,0.05
2710,JPN,CAN,0.05
2710,JPN,TUR,0.05
2710,JPN,EGY,0.05
2710,JPN,NLD,0.05
2710,JPN,POL,0.05
2710,JPN,ZAF,0.05
2710,JPN,AUS,0.05
2710,JPN,OTH,0.05
2710,NLD,CHN,0.05
2710,NLD,IND,0.05
2710,NLD,USA,0.05
2710,NLD,JPN,0.05
2710,NLD,KOR,0.05
2710,NLD,DEU,0.05
2710,NLD,FRA,0.05
2710,NLD,ITA,0.05
2710,NLD,ESP,0.05
2710,NLD,GBR,0.05
2710,NLD,BRA,0.05
2710,NLD,MEX,0.05
2710,NLD,CAN,0.05
2710,NLD,TUR,0.05
2710,NLD,EGY,0.05
2710,NLD,NLD,0.05
2710,NLD,POL,0.05
2710,NLD,ZAF,0.05
2710,NLD,AUS,0.05
2710,NLD,OTH,0.05
2710,BEL,CHN,0.05
2710,BEL,IND,0.05
2710,BEL,USA,0.05
2710,BEL,JPN,0.05
2710,BEL,KOR,0.05
2710,BEL,DEU,0.05
2710,BEL,FRA,0.05
2710,BEL,ITA,0.05
2710,BEL,ESP,0.05
2710,BEL,GBR,0.05
2710,BEL,BRA,0.05
2710,BEL,MEX,0.05
2710,BEL,CAN,0.05
2710,BEL,TUR,0.05
2710,BEL,EGY,0.05
2710,BEL,NLD,0.05
2710,BEL,POL,0.05
2710,BEL,ZAF,0.05
2710,BEL,AUS,0.05
2710,BEL,OTH,0.05
2710,ARE,CHN,0.05
2710,ARE,IND,0.05
2710,ARE,USA,0.05
2710,ARE,JPN,0.05
2710,ARE,KOR,0.05
2710,ARE,DEU,0.05
2710,ARE,FRA,0.05
2710,ARE,ITA,0.05
2710,ARE,ESP,0.05
2710,ARE,GBR,0.05
2710,ARE,BRA,0.05
2710,ARE,MEX,0.05
2710,ARE,CAN,0.05
2710,ARE,TUR,0.05
2710,ARE,EGY,0.05
2710,ARE,NLD,0.05
2710,ARE,POL,0.05
2710,ARE,ZAF,0.05
2710,ARE,AUS,0.05
2710,ARE,OTH,0.05
2710,GBR,CHN,0.05
2710,GBR,IND,0.05
2710,GBR,USA,0.05
2710,GBR,JPN,0.05
2710,GBR,KOR,0.05
2710,GBR,DEU,0.05
2710,GBR,FRA,0.05
2710,GBR,ITA,0.05
2710,GBR,ESP,0.05
2710,GBR,GBR,0.05
2710,GBR,BRA,0.05
2710,GBR,MEX,0.05
2710,GBR,CAN,0.05
2710,GBR,TUR,0.05
2710,GBR,EGY,0.05
2710,GBR,NLD,0.05
2710,GBR,POL,0.05
2710,GBR,ZAF,0.05
2710,GBR,AUS,0.05
2710,GBR,OTH,0.05
2710,DEU,CHN,0.05
2710,DEU,IND,0.05
2710,DEU,USA,0.05
2710,DEU,JPN,0.05
2710,DEU,KOR,0.05
2710,DEU,DEU,0.05
2710,DEU,FRA,0.05
2710,DEU,ITA,0.05
2710,DEU,ESP,0.05
2710,DEU,GBR,0.05
2710,DEU,BRA,0.05
2710,DEU,MEX,0.05
2710,DEU,CAN,0.05
2710,DEU,TUR,0.05
2710,DEU,EGY,0.05
2710,DEU,NLD,0.05
2710,DEU,POL,0.05
2710,DEU,ZAF,0.05
2710,DEU,AUS,0.05
2710,DEU,OTH,0.05
2710,ITA,CHN,0.05
2710,ITA,IND,0.05
2710,ITA,USA,0.05
2710,ITA,JPN,0.05
2710,ITA,KOR,0.05
2710,ITA,DEU,0.05
2710,ITA,FRA,0.05
2710,ITA,ITA,0.05
2710,ITA,ESP,0.05
2710,ITA,GBR,0.05
2710,ITA,BRA,0.05
2710,ITA,MEX,0.05
2710,ITA,CAN,0.05
2710,ITA,TUR,0.05
2710,ITA,EGY,0.05
2710,ITA,NLD,0.05
2710,ITA,POL,0.05
2710,ITA,ZAF,0.05
2710,ITA,AUS,0.05
2710,ITA,OTH,0.05
2710,FRA,CHN,0.05
2710,FRA,IND,0.05
2710,FRA,USA,0.05
2710,FRA,JPN,0.05
2710,FRA,KOR,0.05
2710,FRA,DEU,0.05
2710,FRA,FRA,0.05
2710,FRA,ITA,0.05
2710,FRA,ESP,0.05
2710,FRA,GBR,0.05
2710,FRA,BRA,0.05
2710,FRA,MEX,0.05
2710,FRA,CAN,0.05
2710,FRA,TUR,0.05
2710,FRA,EGY,0.05
2710,FRA,NLD,0.05
2710,FRA,POL,0.05
2710,FRA,ZAF,0.05
2710,FRA,AUS,0.05
2710,FRA,OTH,0.05
2710,ESP,CHN,0.05
2710,ESP,IND,0.05
2710,ESP,USA,0.05
2710,ESP,JPN,0.05
2710,ESP,KOR,0.05
2710,ESP,DEU,0.05
2710,ESP,FRA,0.05
2710,ESP,ITA,0.05
2710,ESP,ESP,0.05
2710,ESP,GBR,0.05
2710,ESP,BRA,0.05
2710,ESP,MEX,0.05
2710,ESP,CAN,0.05
2710,ESP,TUR,0.05
2710,ESP,EGY,0.05
2710,ESP,NLD,0.05
2710,ESP,POL,0.05
2710,ESP,ZAF,0.05
2710,ESP,AUS,0.05
2710,ESP,OTH,0.05
2710,BRA,CHN,0.05
2710,BRA,IND,0.05
2710,BRA,USA,0.05
2710,BRA,JPN,0.05
2710,BRA,KOR,0.05
2710,BRA,DEU,0.05
2710,BRA,FRA,0.05
2710,BRA,ITA,0.05
2710,BRA,ESP,0.05
2710,BRA,GBR,0.05
2710,BRA,BRA,0.05
2710,BRA,MEX,0.05
2710,BRA,CAN,0.05
2710,BRA,TUR,0.05
2710,BRA,EGY,0.05
2710,BRA,NLD,0.05
2710,BRA,POL,0.05
2710,BRA,ZAF,0.05
2710,BRA,AUS,0.05
2710,BRA,OTH,0.05
2710,MEX,CHN,0.05
2710,MEX,IND,0.05
2710,MEX,USA,0.05
2710,MEX,JPN,0.05
2710,MEX,KOR,0.05
2710,MEX,DEU,0.05
2710,MEX,FRA,0.05
2710,MEX,ITA,0.05
2710,MEX,ESP,0.05
2710,MEX,GBR,0.05
2710,MEX,BRA,0.05
2710,MEX,MEX,0.05
2710,MEX,CAN,0.05
2710,MEX,TUR,0.05
2710,MEX,EGY,0.05
2710,MEX,NLD,0.05
2710,MEX,POL,0.05
2710,MEX,ZAF,0.05
2710,MEX,AUS,0.05
2710,MEX,OTH,0.05
2710,RUS,CHN,0.05
2710,RUS,IND,0.05
2710,RUS,USA,0.05
2710,RUS,JPN,0.05
2710,RUS,KOR,0.05
2710,RUS,DEU,0.05
2710,RUS,FRA,0.05
2710,RUS,ITA,0.05
2710,RUS,ESP,0.05
2710,RUS,GBR,0.05
2710,RUS,BRA,0.05
2710,RUS,MEX,0.05
2710,RUS,CAN,0.05
2710,RUS,TUR,0.05
2710,RUS,EGY,0.05
2710,RUS,NLD,0.05
2710,RUS,POL,0.05
2710,RUS,ZAF,0.05
2710,RUS,AUS,0.05
2710,RUS,OTH,0.05
2710,THA,CHN,0.05
2710,THA,IND,0.05
2710,THA,USA,0.05
2710,THA,JPN,0.05
2710,THA,KOR,0.05
2710,THA,DEU,0.05
2710,THA,FRA,0.05
2710,THA,ITA,0.05
2710,THA,ESP,0.05
2710,THA,GBR,0.05
2710,THA,BRA,0.05
2710,THA,MEX,0.05
2710,THA,CAN,0.05
2710,THA,TUR,0.05
2710,THA,EGY,0.05
2710,THA,NLD,0.05
2710,THA,POL,0.05
2710,THA,ZAF,0.05
2710,THA,AUS,0.05
2710,THA,OTH,0.05
2710,MYS,CHN,0.05
2710,MYS,IND,0.05
2710,MYS,USA,0.05
2710,MYS,JPN,0.05
2710,MYS,KOR,0.05
2710,MYS,DEU,0.05
2710,MYS,FRA,0.05
2710,MYS,ITA,0.05
2710,MYS,ESP,0.05
2710,MYS,GBR,0.05
2710,MYS,BRA,0.05
2710,MYS,MEX,0.05
2710,MYS,CAN,0.05
2710,MYS,TUR,0.05
2710,MYS,EGY,0.05
2710,MYS,NLD,0.05
2710,MYS,POL,0.05
2710,MYS,ZAF,0.05
2710,MYS,AUS,0.05
2710,MYS,OTH,0.05
2710,IDN,CHN,0.05
2710,IDN,IND,0.05
2710,IDN,USA,0.05
2710,IDN,JPN,0.05
2710,IDN,KOR,0.05
2710,IDN,DEU,0.05
2710,IDN,FRA,0.05
2710,IDN,ITA,0.05
2710,IDN,ESP,0.05
2710,IDN,GBR,0.05
2710,IDN,BRA,0.05
2710,IDN,MEX,0.05
2710,IDN,CAN,0.05
2710,IDN,TUR,0.05
2710,IDN,EGY,0.05
2710,IDN,NLD,0.05
2710,IDN,POL,0.05
2710,IDN,ZAF,0.05
2710,IDN,AUS,0.05
2710,IDN,OTH,0.05
2701,AUS,CHN,0.05
2701,AUS,IND,0.05
2701,AUS,USA,0.05
2701,AUS,JPN,0.05
2701,AUS,KOR,0.05
2701,AUS,DEU,0.05
2701,AUS,FRA,0.05
2701,AUS,ITA,0.05
2701,AUS,ESP,0.05
2701,AUS,GBR,0.05
2701,AUS,BRA,0.05
2701,AUS,MEX,0.05
2701,AUS,CAN,0.05
2701,AUS,TUR,0.05
2701,AUS,EGY,0.05
2701,AUS,NLD,0.05
2701,AUS,POL,0.05
2701,AUS,ZAF,0.05
2701,AUS,AUS,0.05
2701,AUS,OTH,0.05
2701,IDN,CHN,0.05
2701,IDN,IND,0.05
2701,IDN,USA,0.05
2701,IDN,JPN,0.05
2701,IDN,KOR,0.05
2701,IDN,DEU,0.05
2701,IDN,FRA,0.05
2701,IDN,ITA,0.05
2701,IDN,ESP,0.05
2701,IDN,GBR,0.05
2701,IDN,BRA,0.05
2701,IDN,MEX,0.05
2701,IDN,CAN,0.05
2701,IDN,TUR,0.05
2701,IDN,EGY,0.05
2701,IDN,NLD,0.05
2701,IDN,POL,0.05
2701,IDN,ZAF,0.05
2701,IDN,AUS,0.05
2701,IDN,OTH,0.05
2701,RUS,CHN,0.05
2701,RUS,IND,0.05
2701,RUS,USA,0.05
2701,RUS,JPN,0.05
2701,RUS,KOR,0.05
2701,RUS,DEU,0.05
2701,RUS,FRA,0.05
2701,RUS,ITA,0.05
2701,RUS,ESP,0.05
2701,RUS,GBR,0.05
2701,RUS,BRA,0.05
2701,RUS,MEX,0.05
2701,RUS,CAN,0.05
2701,RUS,TUR,0.05
2701,RUS,EGY,0.05
2701,RUS,NLD,0.05
2701,RUS,POL,0.05
2701,RUS,ZAF,0.05
2701,RUS,AUS,0.05
2701,RUS,OTH,0.05
2701,USA,CHN,0.05
2701,USA,IND,0.05
2701,USA,USA,0.05
2701,USA,JPN,0.05
2701,USA,KOR,0.05
2701,USA,DEU,0.05
2701,USA,FRA,0.05
2701,USA,ITA,0.05
2701,USA,ESP,0.05
2701,USA,GBR,0.05
2701,USA,BRA,0.05
2701,USA,MEX,0.05
2701,USA,CAN,0.05
2701,USA,TUR,0.05
2701,USA,EGY,0.05
2701,USA,NLD,0.05
2701,USA,POL,0.05
2701,USA,ZAF,0.05
2701,USA,AUS,0.05
2701,USA,OTH,0.05
2701,COL,CHN,0.05
2701,COL,IND,0.05
2701,COL,USA,0.05
2701,COL,JPN,0.05
2701,COL,KOR,0.05
2701,COL,DEU,0.05
2701,COL,FRA,0.05
2701,COL,ITA,0.05
2701,COL,ESP,0.05
2701,COL,GBR,0.05
2701,COL,BRA,0.05
2701,COL,MEX,0.05
2701,COL,CAN,0.05
2701,COL,TUR,0.05
2701,COL,EGY,0.05
2701,COL,NLD,0.05
2701,COL,POL,0.05
2701,COL,ZAF,0.05
2701,COL,AUS,0.05
2701,COL,OTH,0.05
2701,ZAF,CHN,0.05
2701,ZAF,IND,0.05
2701,ZAF,USA,0.05
2701,ZAF,JPN,0.05
2701,ZAF,KOR,0.05
2701,ZAF,DEU,0.05
2701,ZAF,FRA,0.05
2701,ZAF,ITA,0.05
2701,ZAF,ESP,0.05
2701,ZAF,GBR,0.05
2701,ZAF,BRA,0.05
2701,ZAF,MEX,0.05
2701,ZAF,CAN,0.05
2701,ZAF,TUR,0.05
2701,ZAF,EGY,0.05
2701,ZAF,NLD,0.05
2701,ZAF,POL,0.05
2701,ZAF,ZAF,0.05
2701,ZAF,AUS,0.05
2701,ZAF,OTH,0.05
2701,CAN,CHN,0.05
2701,CAN,IND,0.05
2701,CAN,USA,0.05
2701,CAN,JPN,0.05
2701,CAN,KOR,0.05
2701,CAN,DEU,0.05
2701,CAN,FRA,0.05
2701,CAN,ITA,0.05
2701,CAN,ESP,0.05
2701,CAN,GBR,0.05
2701,CAN,BRA,0.05
2701,CAN,MEX,0.05
2701,CAN,CAN,0.05
2701,CAN,TUR,0.05
2701,CAN,EGY,0.05
2701,CAN,NLD,0.05
2701,CAN,POL,0.05
2701,CAN,ZAF,0.05
2701,CAN,AUS,0.05
2701,CAN,OTH,0.05
2701,KAZ,CHN,0.05
2701,KAZ,IND,0.05
2701,KAZ,USA,0.05
2701,KAZ,JPN,0.05
2701,KAZ,KOR,0.05
2701,KAZ,DEU,0.05
2701,KAZ,FRA,0.05
2701,KAZ,ITA,0.05
2701,KAZ,ESP,0.05
2701,KAZ,GBR,0.05
2701,KAZ,BRA,0.05
2701,KAZ,MEX,0.05
2701,KAZ,CAN,0.05
2701,KAZ,TUR,0.05
2701,KAZ,EGY,0.05
2701,KAZ,NLD,0.05
2701,KAZ,POL,0.05
2701,KAZ,ZAF,0.05
2701,KAZ,AUS,0.05
2701,KAZ,OTH,0.05
2701,POL,CHN,0.05
2701,POL,IND,0.05
2701,POL,USA,0.05
2701,POL,JPN,0.05
2701,POL,KOR,0.05
2701,POL,DEU,0.05
2701,POL,FRA,0.05
2701,POL,ITA,0.05
2701,POL,ESP,0.05
2701,POL,GBR,0.05
2701,POL,BRA,0.05
2701,POL,MEX,0.05
2701,POL,CAN,0.05
2701,POL,TUR,0.05
2701,POL,EGY,0.05
2701,POL,NLD,0.05
2701,POL,POL,0.05
2701,POL,ZAF,0.05
2701,POL,AUS,0.05
2701,POL,OTH,0.05
2701,UKR,CHN,0.05
2701,UKR,IND,0.05
2701,UKR,USA,0.05
2701,UKR,JPN,0.05
2701,UKR,KOR,0.05
2701,UKR,DEU,0.05
2701,UKR,FRA,0.05
2701,UKR,ITA,0.05
2701,UKR,ESP,0.05
2701,UKR,GBR,0.05
2701,UKR,BRA,0.05
2701,UKR,MEX,0.05
2701,UKR,CAN,0.05
2701,UKR,TUR,0.05
2701,UKR,EGY,0.05
2701,UKR,NLD,0.05
2701,UKR,POL,0.05
2701,UKR,ZAF,0.05
2701,UKR,AUS,0.05
2701,UKR,OTH,0.05
2701,CHN,CHN,0.05
2701,CHN,IND,0.05
2701,CHN,USA,0.05
2701,CHN,JPN,0.05
2701,CHN,KOR,0.05
2701,CHN,DEU,0.05
2701,CHN,FRA,0.05
2701,CHN,ITA,0.05
2701,CHN,ESP,0.05
2701,CHN,GBR,0.05
2701,CHN,BRA,0.05
2701,CHN,MEX,0.05
2701,CHN,CAN,0.05
2701,CHN,TUR,0.05
2701,CHN,EGY,0.05
2701,CHN,NLD,0.05
2701,CHN,POL,0.05
2701,CHN,ZAF,0.05
2701,CHN,AUS,0.05
2701,CHN,OTH,0.05
2701,MNG,CHN,0.05
2701,MNG,IND,0.05
2701,MNG,USA,0.05
2701,MNG,JPN,0.05
2701,MNG,KOR,0.05
2701,MNG,DEU,0.05
2701,MNG,FRA,0.05
2701,MNG,ITA,0.05
2701,MNG,ESP,0.05
2701,MNG,GBR,0.05
2701,MNG,BRA,0.05
2701,MNG,MEX,0.05
2701,MNG,CAN,0.05
2701,MNG,TUR,0.05
2701,MNG,EGY,0.05
2701,MNG,NLD,0.05
2701,MNG,POL,0.05
2701,MNG,ZAF,0.05
2701,MNG,AUS,0.05
2701,MNG,OTH,0.05
2701,VNM,CHN,0.05
2701,VNM,IND,0.05
2701,VNM,USA,0.05
2701,VNM,JPN,0.05
2701,VNM,KOR,0.05
2701,VNM,DEU,0.05
2701,VNM,FRA,0.05
2701,VNM,ITA,0.05
2701,VNM,ESP,0.05
2701,VNM,GBR,0.05
2701,VNM,BRA,0.05
2701,VNM,MEX,0.05
2701,VNM,CAN,0.05
2701,VNM,TUR,0.05
2701,VNM,EGY,0.05
2701,VNM,NLD,0.05
2701,VNM,POL,0.05
2701,VNM,ZAF,0.05
2701,VNM,AUS,0.05
2701,VNM,OTH,0.05
2701,IND,CHN,0.05
2701,IND,IND,0.05
2701,IND,USA,0.05
2701,IND,JPN,0.05
2701,IND,KOR,0.05
2701,IND,DEU,0.05
2701,IND,FRA,0.05
2701,IND,ITA,0.05
2701,IND,ESP,0.05
2701,IND,GBR,0.05
2701,IND,BRA,0.05
2701,IND,MEX,0.05
2701,IND,CAN,0.05
2701,IND,TUR,0.05
2701,IND,EGY,0.05
2701,IND,NLD,0.05
2701,IND,POL,0.05
2701,IND,ZAF,0.05
2701,IND,AUS,0.05
2701,IND,OTH,0.05
2701,BRA,CHN,0.05
2701,BRA,IND,0.05
2701,BRA,USA,0.05
2701,BRA,JPN,0.05
2701,BRA,KOR,0.05
2701,BRA,DEU,0.05
2701,BRA,FRA,0.05
2701,BRA,ITA,0.05
2701,BRA,ESP,0.05
2701,BRA,GBR,0.05
2701,BRA,BRA,0.05
2701,BRA,MEX,0.05
2701,BRA,CAN,0.05
2701,BRA,TUR,0.05
2701,BRA,EGY,0.05
2701,BRA,NLD,0.05
2701,BRA,POL,0.05
2701,BRA,ZAF,0.05
2701,BRA,AUS,0.05
2701,BRA,OTH,0.05
2701,MOZ,CHN,0.05
2701,MOZ,IND,0.05
2701,MOZ,USA,0.05
2701,MOZ,JPN,0.05
2701,MOZ,KOR,0.05
2701,MOZ,DEU,0.05
2701,MOZ,FRA,0.05
2701,MOZ,ITA,0.05
2701,MOZ,ESP,0.05
2701,MOZ,GBR,0.05
2701,MOZ,BRA,0.05
2701,MOZ,MEX,0.05
2701,MOZ,CAN,0.05
2701,MOZ,TUR,0.05
2701,MOZ,EGY,0.05
2701,MOZ,NLD,0.05
2701,MOZ,POL,0.05
2701,MOZ,ZAF,0.05
2701,MOZ,AUS,0.05
2701,MOZ,OTH,0.05
2701,CZE,CHN,0.05
2701,CZE,IND,0.05
2701,CZE,USA,0.05
2701,CZE,JPN,0.05
2701,CZE,KOR,0.05
2701,CZE,DEU,0.05
2701,CZE,FRA,0.05
2701,CZE,ITA,0.05
2701,CZE,ESP,0.05
2701,CZE,GBR,0.05
2701,CZE,BRA,0.05
2701,CZE,MEX,0.05
2701,CZE,CAN,0.05
2701,CZE,TUR,0.05
2701,CZE,EGY,0.05
2701,CZE,NLD,0.05
2701,CZE,POL,0.05
2701,CZE,ZAF,0.05
2701,CZE,AUS,0.05
2701,CZE,OTH,0.05
2701,TUR,CHN,0.05
2701,TUR,IND,0.05
2701,TUR,USA,0.05
2701,TUR,JPN,0.05
2701,TUR,KOR,0.05
2701,TUR,DEU,0.05
2701,TUR,FRA,0.05
2701,TUR,ITA,0.05
2701,TUR,ESP,0.05
2701,TUR,GBR,0.05
2701,TUR,BRA,0.05
2701,TUR,MEX,0.05
2701,TUR,CAN,0.05
2701,TUR,TUR,0.05
2701,TUR,EGY,0.05
2701,TUR,NLD,0.05
2701,TUR,POL,0.05
2701,TUR,ZAF,0.05
2701,TUR,AUS,0.05
2701,TUR,OTH,0.05
2701,SRB,CHN,0.05
2701,SRB,IND,0.05
2701,SRB,USA,0.05
2701,SRB,JPN,0.05
2701,SRB,KOR,0.05
2701,SRB,DEU,0.05
2701,SRB,FRA,0.05
2701,SRB,ITA,0.05
2701,SRB,ESP,0.05
2701,SRB,GBR,0.05
2701,SRB,BRA,0.05
2701,SRB,MEX,0.05
2701,SRB,CAN,0.05
2701,SRB,TUR,0.05
2701,SRB,EGY,0.05
2701,SRB,NLD,0.05
2701,SRB,POL,0.05
2701,SRB,ZAF,0.05
2701,SRB,AUS,0.05
2701,SRB,OTH,0.05
2701,GRC,CHN,0.05
2701,GRC,IND,0.05
2701,GRC,USA,0.05
2701,GRC,JPN,0.05
2701,GRC,KOR,0.05
2701,GRC,DEU,0.05
2701,GRC,FRA,0.05
2701,GRC,ITA,0.05
2701,GRC,ESP,0.05
2701,GRC,GBR,0.05
2701,GRC,BRA,0.05
2701,GRC,MEX,0.05
2701,GRC,CAN,0.05
2701,GRC,TUR,0.05
2701,GRC,EGY,0.05
2701,GRC,NLD,0.05
2701,GRC,POL,0.05
2701,GRC,ZAF,0.05
2701,GRC,AUS,0.05
2701,GRC,OTH,0.05
1001,RUS,CHN,0.05
1001,RUS,IND,0.05
1001,RUS,USA,0.05
1001,RUS,JPN,0.05
1001,RUS,KOR,0.05
1001,RUS,DEU,0.05
1001,RUS,FRA,0.05
1001,RUS,ITA,0.05
1001,RUS,ESP,0.05
1001,RUS,GBR,0.05
1001,RUS,BRA,0.05
1001,RUS,MEX,0.05
1001,RUS,CAN,0.05
1001,RUS,TUR,0.05
1001,RUS,EGY,0.05
1001,RUS,NLD,0.05
1001,RUS,POL,0.05
1001,RUS,ZAF,0.05
1001,RUS,AUS,0.05
1001,RUS,OTH,0.05
1001,UKR,CHN,0.05
1001,UKR,IND,0.05
1001,UKR,USA,0.05
1001,UKR,JPN,0.05
1001,UKR,KOR,0.05
1001,UKR,DEU,0.05
1001,UKR,FRA,0.05
1001,UKR,ITA,0.05
1001,UKR,ESP,0.05
1001,UKR,GBR,0.05
1001,UKR,BRA,0.05
1001,UKR,MEX,0.05
1001,UKR,CAN,0.05
1001,UKR,TUR,0.05
1001,UKR,EGY,0.05
1001,UKR,NLD,0.05
1001,UKR,POL,0.05
1001,UKR,ZAF,0.05
1001,UKR,AUS,0.05
1001,UKR,OTH,0.05
1001,CAN,CHN,0.05
1001,CAN,IND,0.05
1001,CAN,USA,0.05
1001,CAN,JPN,0.05
1001,CAN,KOR,0.05
1001,CAN,DEU,0.05
1001,CAN,FRA,0.05
1001,CAN,ITA,0.05
1001,CAN,ESP,0.05
1001,CAN,GBR,0.05
1001,CAN,BRA,0.05
1001,CAN,MEX,0.05
1001,CAN,CAN,0.05
1001,CAN,TUR,0.05
1001,CAN,EGY,0.05
1001,CAN,NLD,0.05
1001,CAN,POL,0.05
1001,CAN,ZAF,0.05
1001,CAN,AUS,0.05
1001,CAN,OTH,0.05
1001,USA,CHN,0.05
1001,USA,IND,0.05
1001,USA,USA,0.05
1001,USA,JPN,0.05
1001,USA,KOR,0.05
1001,USA,DEU,0.05
1001,USA,FRA,0.05
1001,USA,ITA,0.05
1001,USA,ESP,0.05
1001,USA,GBR,0.05
1001,USA,BRA,0.05
1001,USA,MEX,0.05
1001,USA,CAN,0.05
1001,USA,TUR,0.05
1001,USA,EGY,0.05
1001,USA,NLD,0.05
1001,USA,POL,0.05
1001,USA,ZAF,0.05
1001,USA,AUS,0.05
1001,USA,OTH,0.05
1001,AUS,CHN,0.05
1001,AUS,IND,0.05
1001,AUS,USA,0.05
1001,AUS,JPN,0.05
1001,AUS,KOR,0.05
1001,AUS,DEU,0.05
1001,AUS,FRA,0.05
1001,AUS,ITA,0.05
1001,AUS,ESP,0.05
1001,AUS,GBR,0.05
1001,AUS,BRA,0.05
1001,AUS,MEX,0.05
1001,AUS,CAN,0.05
1001,AUS,TUR,0.05
1001,AUS,EGY,0.05
1001,AUS,NLD,0.05
1001,AUS,POL,0.05
1001,AUS,ZAF,0.05
1001,AUS,AUS,0.05
1001,AUS,OTH,0.05
1001,ARG,CHN,0.05
1001,ARG,IND,0.05
1001,ARG,USA,0.05
1001,ARG,JPN,0.05
1001,ARG,KOR,0.05
1001,ARG,DEU,0.05
1001,ARG,FRA,0.05
1001,ARG,ITA,0.05
1001,ARG,ESP,0.05
1001,ARG,GBR,0.05
1001,ARG,BRA,0.05
1001,ARG,MEX,0.05
1001,ARG,CAN,0.05
1001,ARG,TUR,0.05
1001,ARG,EGY,0.05
1001,ARG,NLD,0.05
1001,ARG,POL,0.05
1001,ARG,ZAF,0.05
1001,ARG,AUS,0.05
1001,ARG,OTH,0.05
1001,KAZ,CHN,0.05
1001,KAZ,IND,0.05
1001,KAZ,USA,0.05
1001,KAZ,JPN,0.05
1001,KAZ,KOR,0.05
1001,KAZ,DEU,0.05
1001,KAZ,FRA,0.05
1001,KAZ,ITA,0.05
1001,KAZ,ESP,0.05
1001,KAZ,GBR,0.05
1001,KAZ,BRA,0.05
1001,KAZ,MEX,0.05
1001,KAZ,CAN,0.05
1001,KAZ,TUR,0.05
1001,KAZ,EGY,0.05
1001,KAZ,NLD,0.05
1001,KAZ,POL,0.05
1001,KAZ,ZAF,0.05
1001,KAZ,AUS,0.05
1001,KAZ,OTH,0.05
1001,FRA,CHN,0.05
1001,FRA,IND,0.05
1001,FRA,USA,0.05
1001,FRA,JPN,0.05
1001,FRA,KOR,0.05
1001,FRA,DEU,0.05
1001,FRA,FRA,0.05
1001,FRA,ITA,0.05
1001,FRA,ESP,0.05
1001,FRA,GBR,0.05
1001,FRA,BRA,0.05
1001,FRA,MEX,0.05
1001,FRA,CAN,0.05
1001,FRA,TUR,0.05
1001,FRA,EGY,0.05
1001,FRA,NLD,0.05
1001,FRA,POL,0.05
1001,FRA,ZAF,0.05
1001,FRA,AUS,0.05
1001,FRA,OTH,0.05
1001,DEU,CHN,0.05
1001,DEU,IND,0.05
1001,DEU,USA,0.05
1001,DEU,JPN,0.05
1001,DEU,KOR,0.05
1001,DEU,DEU,0.05
1001,DEU,FRA,0.05
1001,DEU,ITA,0.05
1001,DEU,ESP,0.05
1001,DEU,GBR,0.05
1001,DEU,BRA,0.05
1001,DEU,MEX,0.05
1001,DEU,CAN,0.05
1001,DEU,TUR,0.05
1001,DEU,EGY,0.05
1001,DEU,NLD,0.05
1001,DEU,POL,0.05
1001,DEU,ZAF,0.05
1001,DEU,AUS,0.05
1001,DEU,OTH,0.05
1001,ROU,CHN,0.05
1001,ROU,IND,0.05
1001,ROU,USA,0.05
1001,ROU,JPN,0.05
1001,ROU,KOR,0.05
1001,ROU,DEU,0.05
1001,ROU,FRA,0.05
1001,ROU,ITA,0.05
1001,ROU,ESP,0.05
1001,ROU,GBR,0.05
1001,ROU,BRA,0.05
1001,ROU,MEX,0.05
1001,ROU,CAN,0.05
1001,ROU,TUR,0.05
1001,ROU,EGY,0.05
1001,ROU,NLD,0.05
1001,ROU,POL,0.05
1001,ROU,ZAF,0.05
1001,ROU,AUS,0.05
1001,ROU,OTH,0.05
1001,BGR,CHN,0.05
1001,BGR,IND,0.05
1001,BGR,USA,0.05
1001,BGR,JPN,0.05
1001,BGR,KOR,0.05
1001,BGR,DEU,0.05
1001,BGR,FRA,0.05
1001,BGR,ITA,0.05
1001,BGR,ESP,0.05
1001,BGR,GBR,0.05
1001,BGR,BRA,0.05
1001,BGR,MEX,0.05
1001,BGR,CAN,0.05
1001,BGR,TUR,0.05
1001,BGR,EGY,0.05
1001,BGR,NLD,0.05
1001,BGR,POL,0.05
1001,BGR,ZAF,0.05
1001,BGR,AUS,0.05
1001,BGR,OTH,0.05
1001,POL,CHN,0.05
1001,POL,IND,0.05
1001,POL,USA,0.05
1001,POL,JPN,0.05
1001,POL,KOR,0.05
1001,POL,DEU,0.05
1001,POL,FRA,0.05
1001,POL,ITA,0.05
1001,POL,ESP,0.05
1001,POL,GBR,0.05
1001,POL,BRA,0.05
1001,POL,MEX,0.05
1001,POL,CAN,0.05
1001,POL,TUR,0.05
1001,POL,EGY,0.05
1001,POL,NLD,0.05
1001,POL,POL,0.05
1001,POL,ZAF,0.05
1001,POL,AUS,0.05
1001,POL,OTH,0.05
1001,IND,CHN,0.05
1001,IND,IND,0.05
1001,IND,USA,0.05
1001,IND,JPN,0.05
1001,IND,KOR,0.05
1001,IND,DEU,0.05
1001,IND,FRA,0.05
1001,IND,ITA,0.05
1001,IND,ESP,0.05
1001,IND,GBR,0.05
1001,IND,BRA,0.05
1001,IND,MEX,0.05
1001,IND,CAN,0.05
1001,IND,TUR,0.05
1001,IND,EGY,0.05
1001,IND,NLD,0.05
1001,IND,POL,0.05
1001,IND,ZAF,0.05
1001,IND,AUS,0.05
1001,IND,OTH,0.05
1001,CHN,CHN,0.05
1001,CHN,IND,0.05
1001,CHN,USA,0.05
1001,CHN,JPN,0.05
1001,CHN,KOR,0.05
1001,CHN,DEU,0.05
1001,CHN,FRA,0.05
1001,CHN,ITA,0.05
1001,CHN,ESP,0.05
1001,CHN,GBR,0.05
1001,CHN,BRA,0.05
1001,CHN,MEX,0.05
1001,CHN,CAN,0.05
1001,CHN,TUR,0.05
1001,CHN,EGY,0.05
1001,CHN,NLD,0.05
1001,CHN,POL,0.05
1001,CHN,ZAF,0.05
1001,CHN,AUS,0.05
1001,CHN,OTH,0.05
1001,BRA,CHN,0.05
1001,BRA,IND,0.05
1001,BRA,USA,0.05
1001,BRA,JPN,0.05
1001,BRA,KOR,0.05
1001,BRA,DEU,0.05
1001,BRA,FRA,0.05
1001,BRA,ITA,0.05
1001,BRA,ESP,0.05
1001,BRA,GBR,0.05
1001,BRA,BRA,0.05
1001,BRA,MEX,0.05
1001,BRA,CAN,0.05
1001,BRA,TUR,0.05
1001,BRA,EGY,0.05
1001,BRA,NLD,0.05
1001,BRA,POL,0.05
1001,BRA,ZAF,0.05
1001,BRA,AUS,0.05
1001,BRA,OTH,0.05
1001,TUR,CHN,0.05
1001,TUR,IND,0.05
1001,TUR,USA,0.05
1001,TUR,JPN,0.05
1001,TUR,KOR,0.05
1001,TUR,DEU,0.05
1001,TUR,FRA,0.05
1001,TUR,ITA,0.05
1001,TUR,ESP,0.05
1001,TUR,GBR,0.05
1001,TUR,BRA,0.05
1001,TUR,MEX,0.05
1001,TUR,CAN,0.05
1001,TUR,TUR,0.05
1001,TUR,EGY,0.05
1001,TUR,NLD,0.05
1001,TUR,POL,0.05
1001,TUR,ZAF,0.05
1001,TUR,AUS,0.05
1001,TUR,OTH,0.05
1001,EGY,CHN,0.05
1001,EGY,IND,0.05
1001,EGY,USA,0.05
1001,EGY,JPN,0.05
1001,EGY,KOR,0.05
1001,EGY,DEU,0.05
1001,EGY,FRA,0.05
1001,EGY,ITA,0.05
1001,EGY,ESP,0.05
1001,EGY,GBR,0.05
1001,EGY,BRA,0.05
1001,EGY,MEX,0.05
1001,EGY,CAN,0.05
1001,EGY,TUR,0.05
1001,EGY,EGY,0.05
1001,EGY,NLD,0.05
1001,EGY,POL,0.05
1001,EGY,ZAF,0.05
1001,EGY,AUS,0.05
1001,EGY,OTH,0.05
1001,PAK,CHN,0.05
1001,PAK,IND,0.05
1001,PAK,USA,0.05
1001,PAK,JPN,0.05
1001,PAK,KOR,0.05
1001,PAK,DEU,0.05
1001,PAK,FRA,0.05
1001,PAK,ITA,0.05
1001,PAK,ESP,0.05
1001,PAK,GBR,0.05
1001,PAK,BRA,0.05
1001,PAK,MEX,0.05
1001,PAK,CAN,0.05
1001,PAK,TUR,0.05
1001,PAK,EGY,0.05
1001,PAK,NLD,0.05
1001,PAK,POL,0.05
1001,PAK,ZAF,0.05
1001,PAK,AUS,0.05
1001,PAK,OTH,0.05
1001,NGA,CHN,0.05
1001,NGA,IND,0.05
1001,NGA,USA,0.05
1001,NGA,JPN,0.05
1001,NGA,KOR,0.05
1001,NGA,DEU,0.05
1001,NGA,FRA,0.05
1001,NGA,ITA,0.05
1001,NGA,ESP,0.05
1001,NGA,GBR,0.05
1001,NGA,BRA,0.05
1001,NGA,MEX,0.05
1001,NGA,CAN,0.05
1001,NGA,TUR,0.05
1001,NGA,EGY,0.05
1001,NGA,NLD,0.05
1001,NGA,POL,0.05
1001,NGA,ZAF,0.05
1001,NGA,AUS,0.05
1001,NGA,OTH,0.05
1001,ETH,CHN,0.05
1001,ETH,IND,0.05
1001,ETH,USA,0.05
1001,ETH,JPN,0.05
1001,ETH,KOR,0.05
1001,ETH,DEU,0.05
1001,ETH,FRA,0.05
1001,ETH,ITA,0.05
1001,ETH,ESP,0.05
1001,ETH,GBR,0.05
1001,ETH,BRA,0.05
1001,ETH,MEX,0.05
1001,ETH,CAN,0.05
1001,ETH,TUR,0.05
1001,ETH,EGY,0.05
1001,ETH,NLD,0.05
1001,ETH,POL,0.05
1001,ETH,ZAF,0.05
1001,ETH,AUS,0.05
1001,ETH,OTH,0.05
2601,AUS,CHN,0.05
2601,AUS,IND,0.05
2601,AUS,USA,0.05
2601,AUS,JPN,0.05
2601,AUS,KOR,0.05
2601,AUS,DEU,0.05
2601,AUS,FRA,0.05
2601,AUS,ITA,0.05
2601,AUS,ESP,0.05
2601,AUS,GBR,0.05
2601,AUS,BRA,0.05
2601,AUS,MEX,0.05
2601,AUS,CAN,0.05
2601,AUS,TUR,0.05
2601,AUS,EGY,0.05
2601,AUS,NLD,0.05
2601,AUS,POL,0.05
2601,AUS,ZAF,0.05
2601,AUS,AUS,0.05
2601,AUS,OTH,0.05
2601,BRA,CHN,0.05
2601,BRA,IND,0.05
2601,BRA,USA,0.05
2601,BRA,JPN,0.05
2601,BRA,KOR,0.05
2601,BRA,DEU,0.05
2601,BRA,FRA,0.05
2601,BRA,ITA,0.05
2601,BRA,ESP,0.05
2601,BRA,GBR,0.05
2601,BRA,BRA,0.05
2601,BRA,MEX,0.05
2601,BRA,CAN,0.05
2601,BRA,TUR,0.05
2601,BRA,EGY,0.05
2601,BRA,NLD,0.05
2601,BRA,POL,0.05
2601,BRA,ZAF,0.05
2601,BRA,AUS,0.05
2601,BRA,OTH,0.05
2601,RUS,CHN,0.05
2601,RUS,IND,0.05
2601,RUS,USA,0.05
2601,RUS,JPN,0.05
2601,RUS,KOR,0.05
2601,RUS,DEU,0.05
2601,RUS,FRA,0.05
2601,RUS,ITA,0.05
2601,RUS,ESP,0.05
2601,RUS,GBR,0.05
2601,RUS,BRA,0.05
2601,RUS,MEX,0.05
2601,RUS,CAN,0.05
2601,RUS,TUR,0.05
2601,RUS,EGY,0.05
2601,RUS,NLD,0.05
2601,RUS,POL,0.05
2601,RUS,ZAF,0.05
2601,RUS,AUS,0.05
2601,RUS,OTH,0.05
2601,IND,CHN,0.05
2601,IND,IND,0.05
2601,IND,USA,0.05
2601,IND,JPN,0.05
2601,IND,KOR,0.05
2601,IND,DEU,0.05
2601,IND,FRA,0.05
2601,IND,ITA,0.05
2601,IND,ESP,0.05
2601,IND,GBR,0.05
2601,IND,BRA,0.05
2601,IND,MEX,0.05
2601,IND,CAN,0.05
2601,IND,TUR,0.05
2601,IND,EGY,0.05
2601,IND,NLD,0.05
2601,IND,POL,0.05
2601,IND,ZAF,0.05
2601,IND,AUS,0.05
2601,IND,OTH,0.05
2601,ZAF,CHN,0.05
2601,ZAF,IND,0.05
2601,ZAF,USA,0.05
2601,ZAF,JPN,0.05
2601,ZAF,KOR,0.05
2601,ZAF,DEU,0.05
2601,ZAF,FRA,0.05
2601,ZAF,ITA,0.05
2601,ZAF,ESP,0.05
2601,ZAF,GBR,0.05
2601,ZAF,BRA,0.05
2601,ZAF,MEX,0.05
2601,ZAF,CAN,0.05
2601,ZAF,TUR,0.05
2601,ZAF,EGY,0.05
2601,ZAF,NLD,0.05
2601,ZAF,POL,0.05
2601,ZAF,ZAF,0.05
2601,ZAF,AUS,0.05
2601,ZAF,OTH,0.05
2601,CAN,CHN,0.05
2601,CAN,IND,0.05
2601,CAN,USA,0.05
2601,CAN,JPN,0.05
2601,CAN,KOR,0.05
2601,CAN,DEU,0.05
2601,CAN,FRA,0.05
2601,CAN,ITA,0.05
2601,CAN,ESP,0.05
2601,CAN,GBR,0.05
2601,CAN,BRA,0.05
2601,CAN,MEX,0.05
2601,CAN,CAN,0.05
2601,CAN,TUR,0.05
2601,CAN,EGY,0.05
2601,CAN,NLD,0.05
2601,CAN,POL,0.05
2601,CAN,ZAF,0.05
2601,CAN,AUS,0.05
2601,CAN,OTH,0.05
2601,SWE,CHN,0.05
2601,SWE,IND,0.05
2601,SWE,USA,0.05
2601,SWE,JPN,0.05
2601,SWE,KOR,0.05
2601,SWE,DEU,0.05
2601,SWE,FRA,0.05
2601,SWE,ITA,0.05
2601,SWE,ESP,0.05
2601,SWE,GBR,0.05
2601,SWE,BRA,0.05
2601,SWE,MEX,0.05
2601,SWE,CAN,0.05
2601,SWE,TUR,0.05
2601,SWE,EGY,0.05
2601,SWE,NLD,0.05
2601,SWE,POL,0.05
2601,SWE,ZAF,0.05
2601,SWE,AUS,0.05
2601,SWE,OTH,0.05
2601,KAZ,CHN,0.05
2601,KAZ,IND,0.05
2601,KAZ,USA,0.05
2601,KAZ,JPN,0.05
2601,KAZ,KOR,0.05
2601,KAZ,DEU,0.05
2601,KAZ,FRA,0.05
2601,KAZ,ITA,0.05
2601,KAZ,ESP,0.05
2601,KAZ,GBR,0.05
2601,KAZ,BRA,0.05
2601,KAZ,MEX,0.05
2601,KAZ,CAN,0.05
2601,KAZ,TUR,0.05
2601,KAZ,EGY,0.05
2601,KAZ,NLD,0.05
2601,KAZ,POL,0.05
2601,KAZ,ZAF,0.05
2601,KAZ,AUS,0.05
2601,KAZ,OTH,0.05
2601,MYS,CHN,0.05
2601,MYS,IND,0.05
2601,MYS,USA,0.05
2601,MYS,JPN,0.05
2601,MYS,KOR,0.05
2601,MYS,DEU,0.05
2601,MYS,FRA,0.05
2601,MYS,ITA,0.05
2601,MYS,ESP,0.05
2601,MYS,GBR,0.05
2601,MYS,BRA,0.05
2601,MYS,MEX,0.05
2601,MYS,CAN,0.05
2601,MYS,TUR,0.05
2601,MYS,EGY,0.05
2601,MYS,NLD,0.05
2601,MYS,POL,0.05
2601,MYS,ZAF,0.05
2601,MYS,AUS,0.05
2601,MYS,OTH,0.05
2601,IDN,CHN,0.05
2601,IDN,IND,0.05
2601,IDN,USA,0.05
2601,IDN,JPN,0.05
2601,IDN,KOR,0.05
2601,IDN,DEU,0.05
2601,IDN,FRA,0.05
2601,IDN,ITA,0.05
2601,IDN,ESP,0.05
2601,IDN,GBR,0.05
2601,IDN,BRA,0.05
2601,IDN,MEX,0.05
2601,IDN,CAN,0.05
2601,IDN,TUR,0.05
2601,IDN,EGY,0.05
2601,IDN,NLD,0.05
2601,IDN,POL,0.05
2601,IDN,ZAF,0.05
2601,IDN,AUS,0.05
2601,IDN,OTH,0.05
2601,CHN,CHN,0.05
2601,CHN,IND,0.05
2601,CHN,USA,0.05
2601,CHN,JPN,0.05
2601,CHN,KOR,0.05
2601,CHN,DEU,0.05
2601,CHN,FRA,0.05
2601,CHN,ITA,0.05
2601,CHN,ESP,0.05
2601,CHN,GBR,0.05
2601,CHN,BRA,0.05
2601,CHN,MEX,0.05
2601,CHN,CAN,0.05
2601,CHN,TUR,0.05
2601,CHN,EGY,0.05
2601,CHN,NLD,0.05
2601,CHN,POL,0.05
2601,CHN,ZAF,0.05
2601,CHN,AUS,0.05
2601,CHN,OTH,0.05
2601,MEX,CHN,0.05
2601,MEX,IND,0.05
2601,MEX,USA,0.05
2601,MEX,JPN,0.05
2601,MEX,KOR,0.05
2601,MEX,DEU,0.05
2601,MEX,FRA,0.05
2601,MEX,ITA,0.05
2601,MEX,ESP,0.05
2601,MEX,GBR,0.05
2601,MEX,BRA,0.05
2601,MEX,MEX,0.05
2601,MEX,CAN,0.05
2601,MEX,TUR,0.05
2601,MEX,EGY,0.05
2601,MEX,NLD,0.05
2601,MEX,POL,0.05
2601,MEX,ZAF,0.05
2601,MEX,AUS,0.05
2601,MEX,OTH,0.05
2601,PER,CHN,0.05
2601,PER,IND,0.05
2601,PER,USA,0.05
2601,PER,JPN,0.05
2601,PER,KOR,0.05
2601,PER,DEU,0.05
2601,PER,FRA,0.05
2601,PER,ITA,0.05
2601,PER,ESP,0.05
2601,PER,GBR,0.05
2601,PER,BRA,0.05
2601,PER,MEX,0.05
2601,PER,CAN,0.05
2601,PER,TUR,0.05
2601,PER,EGY,0.05
2601,PER,NLD,0.05
2601,PER,POL,0.05
2601,PER,ZAF,0.05
2601,PER,AUS,0.05
2601,PER,OTH,0.05
2601,VEN,CHN,0.05
2601,VEN,IND,0.05
2601,VEN,USA,0.05
2601,VEN,JPN,0.05
2601,VEN,KOR,0.05
2601,VEN,DEU,0.05
2601,VEN,FRA,0.05
2601,VEN,ITA,0.05
2601,VEN,ESP,0.05
2601,VEN,GBR,0.05
2601,VEN,BRA,0.05
2601,VEN,MEX,0.05
2601,VEN,CAN,0.05
2601,VEN,TUR,0.05
2601,VEN,EGY,0.05
2601,VEN,NLD,0.05
2601,VEN,POL,0.05
2601,VEN,ZAF,0.05
2601,VEN,AUS,0.05
2601,VEN,OTH,0.05
2601,UKR,CHN,0.05
2601,UKR,IND,0.05
2601,UKR,USA,0.05
2601,UKR,JPN,0.05
2601,UKR,KOR,0.05
2601,UKR,DEU,0.05
2601,UKR,FRA,0.05
2601,UKR,ITA,0.05
2601,UKR,ESP,0.05
2601,UKR,GBR,0.05
2601,UKR,BRA,0.05
2601,UKR,MEX,0.05
2601,UKR,CAN,0.05
2601,UKR,TUR,0.05
2601,UKR,EGY,0.05
2601,UKR,NLD,0.05
2601,UKR,POL,0.05
2601,UKR,ZAF,0.05
2601,UKR,AUS,0.05
2601,UKR,OTH,0.05
2601,USA,CHN,0.05
2601,USA,IND,0.05
2601,USA,USA,0.05
2601,USA,JPN,0.05
2601,USA,KOR,0.05
2601,USA,DEU,0.05
2601,USA,FRA,0.05
2601,USA,ITA,0.05
2601,USA,ESP,0.05
2601,USA,GBR,0.05
2601,USA,BRA,0.05
2601,USA,MEX,0.05
2601,USA,CAN,0.05
2601,USA,TUR,0.05
2601,USA,EGY,0.05
2601,USA,NLD,0.05
2601,USA,POL,0.05
2601,USA,ZAF,0.05
2601,USA,AUS,0.05
2601,USA,OTH,0.05
2601,IRN,CHN,0.05
2601,IRN,IND,0.05
2601,IRN,USA,0.05
2601,IRN,JPN,0.05
2601,IRN,KOR,0.05
2601,IRN,DEU,0.05
2601,IRN,FRA,0.05
2601,IRN,ITA,0.05
2601,IRN,ESP,0.05
2601,IRN,GBR,0.05
2601,IRN,BRA,0.05
2601,IRN,MEX,0.05
2601,IRN,CAN,0.05
2601,IRN,TUR,0.05
2601,IRN,EGY,0.05
2601,IRN,NLD,0.05
2601,IRN,POL,0.05
2601,IRN,ZAF,0.05
2601,IRN,AUS,0.05
2601,IRN,OTH,0.05
2601,TUR,CHN,0.05
2601,TUR,IND,0.05
2601,TUR,USA,0.05
2601,TUR,JPN,0.05
2601,TUR,KOR,0.05
2601,TUR,DEU,0.05
2601,TUR,FRA,0.05
2601,TUR,ITA,0.05
2601,TUR,ESP,0.05
2601,TUR,GBR,0.05
2601,TUR,BRA,0.05
2601,TUR,MEX,0.05
2601,TUR,CAN,0.05
2601,TUR,TUR,0.05
2601,TUR,EGY,0.05
2601,TUR,NLD,0.05
2601,TUR,POL,0.05
2601,TUR,ZAF,0.05
2601,TUR,AUS,0.05
2601,TUR,OTH,0.05
2601,EGY,CHN,0.05
2601,EGY,IND,0.05
2601,EGY,USA,0.05
2601,EGY,JPN,0.05
2601,EGY,KOR,0.05
2601,EGY,DEU,0.05
2601,EGY,FRA,0.05
2601,EGY,ITA,0.05
2601,EGY,ESP,0.05
2601,EGY,GBR,0.05
2601,EGY,BRA,0.05
2601,EGY,MEX,0.05
2601,EGY,CAN,0.05
2601,EGY,TUR,0.05
2601,EGY,EGY,0.05
2601,EGY,NLD,0.05
2601,EGY,POL,0.05
2601,EGY,ZAF,0.05
2601,EGY,AUS,0.05
2601,EGY,OTH,0.05
2601,SAU,CHN,0.05
2601,SAU,IND,0.05
2601,SAU,USA,0.05
2601,SAU,JPN,0.05
2601,SAU,KOR,0.05
2601,SAU,DEU,0.05
2601,SAU,FRA,0.05
2601,SAU,ITA,0.05
2601,SAU,ESP,0.05
2601,SAU,GBR,0.05
2601,SAU,BRA,0.05
2601,SAU,MEX,0.05
2601,SAU,CAN,0.05
2601,SAU,TUR,0.05
2601,SAU,EGY,0.05
2601,SAU,NLD,0.05
2601,SAU,POL,0.05
2601,SAU,ZAF,0.05
2601,SAU,AUS,0.05
2601,SAU,OTH,0.05
8542,TWN,CHN,0.05
8542,TWN,IND,0.05
8542,TWN,USA,0.05
8542,TWN,JPN,0.05
8542,TWN,KOR,0.05
8542,TWN,DEU,0.05
8542,TWN,FRA,0.05
8542,TWN,ITA,0.05
8542,TWN,ESP,0.05
8542,TWN,GBR,0.05
8542,TWN,BRA,0.05
8542,TWN,MEX,0.05
8542,TWN,CAN,0.05
8542,TWN,TUR,0.05
8542,TWN,EGY,0.05
8542,TWN,NLD,0.05
8542,TWN,POL,0.05
8542,TWN,ZAF,0.05
8542,TWN,AUS,0.05
8542,TWN,OTH,0.05
8542,KOR,CHN,0.05
8542,KOR,IND,0.05
8542,KOR,USA,0.05
8542,KOR,JPN,0.05
8542,KOR,KOR,0.05
8542,KOR,DEU,0.05
8542,KOR,FRA,0.05
8542,KOR,ITA,0.05
8542,KOR,ESP,0.05
8542,KOR,GBR,0.05
8542,KOR,BRA,0.05
8542,KOR,MEX,0.05
8542,KOR,CAN,0.05
8542,KOR,TUR,0.05
8542,KOR,EGY,0.05
8542,KOR,NLD,0.05
8542,KOR,POL,0.05
8542,KOR,ZAF,0.05
8542,KOR,AUS,0.05
8542,KOR,OTH,0.05
8542,CHN,CHN,0.05
8542,CHN,IND,0.05
8542,CHN,USA,0.05
8542,CHN,JPN,0.05
8542,CHN,KOR,0.05
8542,CHN,DEU,0.05
8542,CHN,FRA,0.05
8542,CHN,ITA,0.05
8542,CHN,ESP,0.05
8542,CHN,GBR,0.05
8542,CHN,BRA,0.05
8542,CHN,MEX,0.05
8542,CHN,CAN,0.05
8542,CHN,TUR,0.05
8542,CHN,EGY,0.05
8542,CHN,NLD,0.05
8542,CHN,POL,0.05
8542,CHN,ZAF,0.05
8542,CHN,AUS,0.05
8542,CHN,OTH,0.05
8542,SGP,CHN,0.05
8542,SGP,IND,0.05
8542,SGP,USA,0.05
8542,SGP,JPN,0.05
8542,SGP,KOR,0.05
8542,SGP,DEU,0.05
8542,SGP,FRA,0.05
8542,SGP,ITA,0.05
8542,SGP,ESP,0.05
8542,SGP,GBR,0.05
8542,SGP,BRA,0.05
8542,SGP,MEX,0.05
8542,SGP,CAN,0.05
8542,SGP,TUR,0.05
8542,SGP,EGY,0.05
8542,SGP,NLD,0.05
8542,SGP,POL,0.05
8542,SGP,ZAF,0.05
8542,SGP,AUS,0.05
8542,SGP,OTH,0.05
8542,MYS,CHN,0.05
8542,MYS,IND,0.05
8542,MYS,USA,0.05
8542,MYS,JPN,0.05
8542,MYS,KOR,0.05
8542,MYS,DEU,0.05
8542,MYS,FRA,0.05
8542,MYS,ITA,0.05
8542,MYS,ESP,0.05
8542,MYS,GBR,0.05
8542,MYS,BRA,0.05
8542,MYS,MEX,0.05
8542,MYS,CAN,0.05
8542,MYS,TUR,0.05
8542,MYS,EGY,0.05
8542,MYS,NLD,0.05
8542,MYS,POL,0.05
8542,MYS,ZAF,0.05
8542,MYS,AUS,0.05
8542,MYS,OTH,0.05
8542,PHL,CHN,0.05
8542,PHL,IND,0.05
8542,PHL,USA,0.05
8542,PHL,JPN,0.05
8542,PHL,KOR,0.05
8542,PHL,DEU,0.05
8542,PHL,FRA,0.05
8542,PHL,ITA,0.05
8542,PHL,ESP,0.05
8542,PHL,GBR,0.05
8542,PHL,BRA,0.05
8542,PHL,MEX,0.05
8542,PHL,CAN,0.05
8542,PHL,TUR,0.05
8542,PHL,EGY,0.05
8542,PHL,NLD,0.05
8542,PHL,POL,0.05
8542,PHL,ZAF,0.05
8542,PHL,AUS,0.05
8542,PHL,OTH,0.05
8542,JPN,CHN,0.05
8542,JPN,IND,0.05
8542,JPN,USA,0.05
8542,JPN,JPN,0.05
8542,JPN,KOR,0.05
8542,JPN,DEU,0.05
8542,JPN,FRA,0.05
8542,JPN,ITA,0.05
8542,JPN,ESP,0.05
8542,JPN,GBR,0.05
8542,JPN,BRA,0.05
8542,JPN,MEX,0.05
8542,JPN,CAN,0.05
8542,JPN,TUR,0.05
8542,JPN,EGY,0.05
8542,JPN,NLD,0.05
8542,JPN,POL,0.05
8542,JPN,ZAF,0.05
8542,JPN,AUS,0.05
8542,JPN,OTH,0.05
8542,USA,CHN,0.05
8542,USA,IND,0.05
8542,USA,USA,0.05
8542,USA,JPN,0.05
8542,USA,KOR,0.05
8542,USA,DEU,0.05
8542,USA,FRA,0.05
8542,USA,ITA,0.05
8542,USA,ESP,0.05
8542,USA,GBR,0.05
8542,USA,BRA,0.05
8542,USA,MEX,0.05
8542,USA,CAN,0.05
8542,USA,TUR,0.05
8542,USA,EGY,0.05
8542,USA,NLD,0.05
8542,USA,POL,0.05
8542,USA,ZAF,0.05
8542,USA,AUS,0.05
8542,USA,OTH,0.05
8542,NLD,CHN,0.05
8542,NLD,IND,0.05
8542,NLD,USA,0.05
8542,NLD,JPN,0.05
8542,NLD,KOR,0.05
8542,NLD,DEU,0.05
8542,NLD,FRA,0.05
8542,NLD,ITA,0.05
8542,NLD,ESP,0.05
8542,NLD,GBR,0.05
8542,NLD,BRA,0.05
8542,NLD,MEX,0.05
8542,NLD,CAN,0.05
8542,NLD,TUR,0.05
8542,NLD,EGY,0.05
8542,NLD,NLD,0.05
8542,NLD,POL,0.05
8542,NLD,ZAF,0.05
8542,NLD,AUS,0.05
8542,NLD,OTH,0.05
8542,DEU,CHN,0.05
8542,DEU,IND,0.05
8542,DEU,USA,0.05
8542,DEU,JPN,0.05
8542,DEU,KOR,0.05
8542,DEU,DEU,0.05
8542,DEU,FRA,0.05
8542,DEU,ITA,0.05
8542,DEU,ESP,0.05
8542,DEU,GBR,0.05
8542,DEU,BRA,0.05
8542,DEU,MEX,0.05
8542,DEU,CAN,0.05
8542,DEU,TUR,0.05
8542,DEU,EGY,0.05
8542,DEU,NLD,0.05
8542,DEU,POL,0.05
8542,DEU,ZAF,0.05
8542,DEU,AUS,0.05
8542,DEU,OTH,0.05
8542,HKG,CHN,0.05
8542,HKG,IND,0.05
8542,HKG,USA,0.05
8542,HKG,JPN,0.05
8542,HKG,KOR,0.05
8542,HKG,DEU,0.05
8542,HKG,FRA,0.05
8542,HKG,ITA,0.05
8542,HKG,ESP,0.05
8542,HKG,GBR,0.05
8542,HKG,BRA,0.05
8542,HKG,MEX,0.05
8542,HKG,CAN,0.05
8542,HKG,TUR,0.05
8542,HKG,EGY,0.05
8542,HKG,NLD,0.05
8542,HKG,POL,0.05
8542,HKG,ZAF,0.05
8542,HKG,AUS,0.05
8542,HKG,OTH,0.05
8542,THA,CHN,0.05
8542,THA,IND,0.05
8542,THA,USA,0.05
8542,THA,JPN,0.05
8542,THA,KOR,0.05
8542,THA,DEU,0.05
8542,THA,FRA,0.05
8542,THA,ITA,0.05
8542,THA,ESP,0.05
8542,THA,GBR,0.05
8542,THA,BRA,0.05
8542,THA,MEX,0.05
8542,THA,CAN,0.05
8542,THA,TUR,0.05
8542,THA,EGY,0.05
8542,THA,NLD,0.05
8542,THA,POL,0.05
8542,THA,ZAF,0.05
8542,THA,AUS,0.05
8542,THA,OTH,0.05
8542,VNM,CHN,0.05
8542,VNM,IND,0.05
8542,VNM,USA,0.05
8542,VNM,JPN,0.05
8542,VNM,KOR,0.05
8542,VNM,DEU,0.05
8542,VNM,FRA,0.05
8542,VNM,ITA,0.05
8542,VNM,ESP,0.05
8542,VNM,GBR,0.05
8542,VNM,BRA,0.05
8542,VNM,MEX,0.05
8542,VNM,CAN,0.05
8542,VNM,TUR,0.05
8542,VNM,EGY,0.05
8542,VNM,NLD,0.05
8542,VNM,POL,0.05
8542,VNM,ZAF,0.05
8542,VNM,AUS,0.05
8542,VNM,OTH,0.05
8542,IDN,CHN,0.05
8542,IDN,IND,0.05
8542,IDN,USA,0.05
8542,IDN,JPN,0.05
8542,IDN,KOR,0.05
8542,IDN,DEU,0.05
8542,IDN,FRA,0.05
8542,IDN,ITA,0.05
8542,IDN,ESP,0.05
8542,IDN,GBR,0.05
8542,IDN,BRA,0.05
8542,IDN,MEX,0.05
8542,IDN,CAN,0.05
8542,IDN,TUR,0.05
8542,IDN,EGY,0.05
8542,IDN,NLD,0.05
8542,IDN,POL,0.05
8542,IDN,ZAF,0.05
8542,IDN,AUS,0.05
8542,IDN,OTH,0.05
8542,GBR,CHN,0.05
8542,GBR,IND,0.05
8542,GBR,USA,0.05
8542,GBR,JPN,0.05
8542,GBR,KOR,0.05
8542,GBR,DEU,0.05
8542,GBR,FRA,0.05
8542,GBR,ITA,0.05
8542,GBR,ESP,0.05
8542,GBR,GBR,0.05
8542,GBR,BRA,0.05
8542,GBR,MEX,0.05
8542,GBR,CAN,0.05
8542,GBR,TUR,0.05
8542,GBR,EGY,0.05
8542,GBR,NLD,0.05
8542,GBR,POL,0.05
8542,GBR,ZAF,0.05
8542,GBR,AUS,0.05
8542,GBR,OTH,0.05
8542,IND,CHN,0.05
8542,IND,IND,0.05
8542,IND,USA,0.05
8542,IND,JPN,0.05
8542,IND,KOR,0.05
8542,IND,DEU,0.05
8542,IND,FRA,0.05
8542,IND,ITA,0.05
8542,IND,ESP,0.05
8542,IND,GBR,0.05
8542,IND,BRA,0.05
8542,IND,MEX,0.05
8542,IND,CAN,0.05
8542,IND,TUR,0.05
8542,IND,EGY,0.05
8542,IND,NLD,0.05
8542,IND,POL,0.05
8542,IND,ZAF,0.05
8542,IND,AUS,0.05
8542,IND,OTH,0.05
8542,BRA,CHN,0.05
8542,BRA,IND,0.05
8542,BRA,USA,0.05
8542,BRA,JPN,0.05
8542,BRA,KOR,0.05
8542,BRA,DEU,0.05
8542,BRA,FRA,0.05
8542,BRA,ITA,0.05
8542,BRA,ESP,0.05
8542,BRA,GBR,0.05
8542,BRA,BRA,0.05
8542,BRA,MEX,0.05
8542,BRA,CAN,0.05
8542,BRA,TUR,0.05
8542,BRA,EGY,0.05
8542,BRA,NLD,0.05
8542,BRA,POL,0.05
8542,BRA,ZAF,0.05
8542,BRA,AUS,0.05
8542,BRA,OTH,0.05
8542,ISR,CHN,0.05
8542,ISR,IND,0.05
8542,ISR,USA,0.05
8542,ISR,JPN,0.05
8542,ISR,KOR,0.05
8542,ISR,DEU,0.05
8542,ISR,FRA,0.05
8542,ISR,ITA,0.05
8542,ISR,ESP,0.05
8542,ISR,GBR,0.05
8542,ISR,BRA,0.05
8542,ISR,MEX,0.05
8542,ISR,CAN,0.05
8542,ISR,TUR,0.05
8542,ISR,EGY,0.05
8542,ISR,NLD,0.05
8542,ISR,POL,0.05
8542,ISR,ZAF,0.05
8542,ISR,AUS,0.05
8542,ISR,OTH,0.05
8542,MEX,CHN,0.05
8542,MEX,IND,0.05
8542,MEX,USA,0.05
8542,MEX,JPN,0.05
8542,MEX,KOR,0.05
8542,MEX,DEU,0.05
8542,MEX,FRA,0.05
8542,MEX,ITA,0.05
8542,MEX,ESP,0.05
8542,MEX,GBR,0.05
8542,MEX,BRA,0.05
8542,MEX,MEX,0.05
8542,MEX,CAN,0.05
8542,MEX,TUR,0.05
8542,MEX,EGY,0.05
8542,MEX,NLD,0.05
8542,MEX,POL,0.05
8542,MEX,ZAF,0.05
8542,MEX,AUS,0.05
8542,MEX,OTH,0.05
8542,CAN,CHN,0.05
8542,CAN,IND,0.05
8542,CAN,USA,0.05
8542,CAN,JPN,0.05
8542,CAN,KOR,0.05
8542,CAN,DEU,0.05
8542,CAN,FRA,0.05
8542,CAN,ITA,0.05
8542,CAN,ESP,0.05
8542,CAN,GBR,0.05
8542,CAN,BRA,0.05
8542,CAN,MEX,0.05
8542,CAN,CAN,0.05
8542,CAN,TUR,0.05
8542,CAN,EGY,0.05
8542,CAN,NLD,0.05
8542,CAN,POL,0.05
8542,CAN,ZAF,0.05
8542,CAN,AUS,0.05
8542,CAN,OTH,0.05
8703,DEU,CHN,0.05
8703,DEU,IND,0.05
8703,DEU,USA,0.05
8703,DEU,JPN,0.05
8703,DEU,KOR,0.05
8703,DEU,DEU,0.05
8703,DEU,FRA,0.05
8703,DEU,ITA,0.05
8703,DEU,ESP,0.05
8703,DEU,GBR,0.05
8703,DEU,BRA,0.05
8703,DEU,MEX,0.05
8703,DEU,CAN,0.05
8703,DEU,TUR,0.05
8703,DEU,EGY,0.05
8703,DEU,NLD,0.05
8703,DEU,POL,0.05
8703,DEU,ZAF,0.05
8703,DEU,AUS,0.05
8703,DEU,OTH,0.05
8703,JPN,CHN,0.05
8703,JPN,IND,0.05
8703,JPN,USA,0.05
8703,JPN,JPN,0.05
8703,JPN,KOR,0.05
8703,JPN,DEU,0.05
8703,JPN,FRA,0.05
8703,JPN,ITA,0.05
8703,JPN,ESP,0.05
8703,JPN,GBR,0.05
8703,JPN,BRA,0.05
8703,JPN,MEX,0.05
8703,JPN,CAN,0.05
8703,JPN,TUR,0.05
8703,JPN,EGY,0.05
8703,JPN,NLD,0.05
8703,JPN,POL,0.05
8703,JPN,ZAF,0.05
8703,JPN,AUS,0.05
8703,JPN,OTH,0.05
8703,USA,CHN,0.05
8703,USA,IND,0.05
8703,USA,USA,0.05
8703,USA,JPN,0.05
8703,USA,KOR,0.05
8703,USA,DEU,0.05
8703,USA,FRA,0.05
8703,USA,ITA,0.05
8703,USA,ESP,0.05
8703,USA,GBR,0.05
8703,USA,BRA,0.05
8703,USA,MEX,0.05
8703,USA,CAN,0.05
8703,USA,TUR,0.05
8703,USA,EGY,0.05
8703,USA,NLD,0.05
8703,USA,POL,0.05
8703,USA,ZAF,0.05
8703,USA,AUS,0.05
8703,USA,OTH,0.05
8703,KOR,CHN,0.05
8703,KOR,IND,0.05
8703,KOR,USA,0.05
8703,KOR,JPN,0.05
8703,KOR,KOR,0.05
8703,KOR,DEU,0.05
8703,KOR,FRA,0.05
8703,KOR,ITA,0.05
8703,KOR,ESP,0.05
8703,KOR,GBR,0.05
8703,KOR,BRA,0.05
8703,KOR,MEX,0.05
8703,KOR,CAN,0.05
8703,KOR,TUR,0.05
8703,KOR,EGY,0.05
8703,KOR,NLD,0.05
8703,KOR,POL,0.05
8703,KOR,ZAF,0.05
8703,KOR,AUS,0.05
8703,KOR,OTH,0.05
8703,MEX,CHN,0.05
8703,MEX,IND,0.05
8703,MEX,USA,0.05
8703,MEX,JPN,0.05
8703,MEX,KOR,0.05
8703,MEX,DEU,0.05
8703,MEX,FRA,0.05
8703,MEX,ITA,0.05
8703,MEX,ESP,0.05
8703,MEX,GBR,0.05
8703,MEX,BRA,0.05
8703,MEX,MEX,0.05
8703,MEX,CAN,0.05
8703,MEX,TUR,0.05
8703,MEX,EGY,0.05
8703,MEX,NLD,0.05
8703,MEX,POL,0.05
8703,MEX,ZAF,0.05
8703,MEX,AUS,0.05
8703,MEX,OTH,0.05
8703,CHN,CHN,0.05
8703,CHN,IND,0.05
8703,CHN,USA,0.05
8703,CHN,JPN,0.05
8703,CHN,KOR,0.05
8703,CHN,DEU,0.05
8703,CHN,FRA,0.05
8703,CHN,ITA,0.05
8703,CHN,ESP,0.05
8703,CHN,GBR,0.05
8703,CHN,BRA,0.05
8703,CHN,MEX,0.05
8703,CHN,CAN,0.05
8703,CHN,TUR,0.05
8703,CHN,EGY,0.05
8703,CHN,NLD,0.05
8703,CHN,POL,0.05
8703,CHN,ZAF,0.05
8703,CHN,AUS,0.05
8703,CHN,OTH,0.05
8703,FRA,CHN,0.05
8703,FRA,IND,0.05
8703,FRA,USA,0.05
8703,FRA,JPN,0.05
8703,FRA,KOR,0.05
8703,FRA,DEU,0.05
8703,FRA,FRA,0.05
8703,FRA,ITA,0.05
8703,FRA,ESP,0.05
8703,FRA,GBR,0.05
8703,FRA,BRA,0.05
8703,FRA,MEX,0.05
8703,FRA,CAN,0.05
8703,FRA,TUR,0.05
8703,FRA,EGY,0.05
8703,FRA,NLD,0.05
8703,FRA,POL,0.05
8703,FRA,ZAF,0.05
8703,FRA,AUS,0.05
8703,FRA,OTH,0.05
8703,ITA,CHN,0.05
8703,ITA,IND,0.05
8703,ITA,USA,0.05
8703,ITA,JPN,0.05
8703,ITA,KOR,0.05
8703,ITA,DEU,0.05
8703,ITA,FRA,0.05
8703,ITA,ITA,0.05
8703,ITA,ESP,0.05
8703,ITA,GBR,0.05
8703,ITA,BRA,0.05
8703,ITA,MEX,0.05
8703,ITA,CAN,0.05
8703,ITA,TUR,0.05
8703,ITA,EGY,0.05
8703,ITA,NLD,0.05
8703,ITA,POL,0.05
8703,ITA,ZAF,0.05
8703,ITA,AUS,0.05
8703,ITA,OTH,0.05
8703,ESP,CHN,0.05
8703,ESP,IND,0.05
8703,ESP,USA,0.05
8703,ESP,JPN,0.05
8703,ESP,KOR,0.05
8703,ESP,DEU,0.05
8703,ESP,FRA,0.05
8703,ESP,ITA,0.05
8703,ESP,ESP,0.05
8703,ESP,GBR,0.05
8703,ESP,BRA,0.05
8703,ESP,MEX,0.05
8703,ESP,CAN,0.05
8703,ESP,TUR,0.05
8703,ESP,EGY,0.05
8703,ESP,NLD,0.05
8703,ESP,POL,0.05
8703,ESP,ZAF,0.05
8703,ESP,AUS,0.05
8703,ESP,OTH,0.05
8703,GBR,CHN,0.05
8703,GBR,IND,0.05
8703,GBR,USA,0.05
8703,GBR,JPN,0.05
8703,GBR,KOR,0.05
8703,GBR,DEU,0.05
8703,GBR,FRA,0.05
8703,GBR,ITA,0.05
8703,GBR,ESP,0.05
8703,GBR,GBR,0.05
8703,GBR,BRA,0.05
8703,GBR,MEX,0.05
8703,GBR,CAN,0.05
8703,GBR,TUR,0.05
8703,GBR,EGY,0.05
8703,GBR,NLD,0.05
8703,GBR,POL,0.05
8703,GBR,ZAF,0.05
8703,GBR,AUS,0.05
8703,GBR,OTH,0.05
8703,BRA,CHN,0.05
8703,BRA,IND,0.05
8703,BRA,USA,0.05
8703,BRA,JPN,0.05
8703,BRA,KOR,0.05
8703,BRA,DEU,0.05
8703,BRA,FRA,0.05
8703,BRA,ITA,0.05
8703,BRA,ESP,0.05
8703,BRA,GBR,0.05
8703,BRA,BRA,0.05
8703,BRA,MEX,0.05
8703,BRA,CAN,0.05
8703,BRA,TUR,0.05
8703,BRA,EGY,0.05
8703,BRA,NLD,0.05
8703,BRA,POL,0.05
8703,BRA,ZAF,0.05
8703,BRA,AUS,0.05
8703,BRA,OTH,0.05
8703,CAN,CHN,0.05
8703,CAN,IND,0.05
8703,CAN,USA,0.05
8703,CAN,JPN,0.05
8703,CAN,KOR,0.05
8703,CAN,DEU,0.05
8703,CAN,FRA,0.05
8703,CAN,ITA,0.05
8703,CAN,ESP,0.05
8703,CAN,GBR,0.05
8703,CAN,BRA,0.05
8703,CAN,MEX,0.05
8703,CAN,CAN,0.05
8703,CAN,TUR,0.05
8703,CAN,EGY,0.05
8703,CAN,NLD,0.05
8703,CAN,POL,0.05
8703,CAN,ZAF,0.05
8703,CAN,AUS,0.05
8703,CAN,OTH,0.05
8703,IND,CHN,0.05
8703,IND,IND,0.05
8703,IND,USA,0.05
8703,IND,JPN,0.05
8703,IND,KOR,0.05
8703,IND,DEU,0.05
8703,IND,FRA,0.05
8703,IND,ITA,0.05
8703,IND,ESP,0.05
8703,IND,GBR,0.05
8703,IND,BRA,0.05
8703,IND,MEX,0.05
8703,IND,CAN,0.05
8703,IND,TUR,0.05
8703,IND,EGY,0.05
8703,IND,NLD,0.05
8703,IND,POL,0.05
8703,IND,ZAF,0.05
8703,IND,AUS,0.05
8703,IND,OTH,0.05
8703,THA,CHN,0.05
8703,THA,IND,0.05
8703,THA,USA,0.05
8703,THA,JPN,0.05
8703,THA,KOR,0.05
8703,THA,DEU,0.05
8703,THA,FRA,0.05
8703,THA,ITA,0.05
8703,THA,ESP,0.05
8703,THA,GBR,0.05
8703,THA,BRA,0.05
8703,THA,MEX,0.05
8703,THA,CAN,0.05
8703,THA,TUR,0.05
8703,THA,EGY,0.05
8703,THA,NLD,0.05
8703,THA,POL,0.05
8703,THA,ZAF,0.05
8703,THA,AUS,0.05
8703,THA,OTH,0.05
8703,TUR,CHN,0.05
8703,TUR,IND,0.05
8703,TUR,USA,0.05
8703,TUR,JPN,0.05
8703,TUR,KOR,0.05
8703,TUR,DEU,0.05
8703,TUR,FRA,0.05
8703,TUR,ITA,0.05
8703,TUR,ESP,0.05
8703,TUR,GBR,0.05
8703,TUR,BRA,0.05
8703,TUR,MEX,0.05
8703,TUR,CAN,0.05
8703,TUR,TUR,0.05
8703,TUR,EGY,0.05
8703,TUR,NLD,0.05
8703,TUR,POL,0.05
8703,TUR,ZAF,0.05
8703,TUR,AUS,0.05
8703,TUR,OTH,0.05
8703,POL,CHN,0.05
8703,POL,IND,0.05
8703,POL,USA,0.05
8703,POL,JPN,0.05
8703,POL,KOR,0.05
8703,POL,DEU,0.05
8703,POL,FRA,0.05
8703,POL,ITA,0.05
8703,POL,ESP,0.05
8703,POL,GBR,0.05
8703,POL,BRA,0.05
8703,POL,MEX,0.05
8703,POL,CAN,0.05
8703,POL,TUR,0.05
8703,POL,EGY,0.05
8703,POL,NLD,0.05
8703,POL,POL,0.05
8703,POL,ZAF,0.05
8703,POL,AUS,0.05
8703,POL,OTH,0.05
8703,SWE,CHN,0.05
8703,SWE,IND,0.05
8703,SWE,USA,0.05
8703,SWE,JPN,0.05
8703,SWE,KOR,0.05
8703,SWE,DEU,0.05
8703,SWE,FRA,0.05
8703,SWE,ITA,0.05
8703,SWE,ESP,0.05
8703,SWE,GBR,0.05
8703,SWE,BRA,0.05
8703,SWE,MEX,0.05
8703,SWE,CAN,0.05
8703,SWE,TUR,0.05
8703,SWE,EGY,0.05
8703,SWE,NLD,0.05
8703,SWE,POL,0.05
8703,SWE,ZAF,0.05
8703,SWE,AUS,0.05
8703,SWE,OTH,0.05
8703,BEL,CHN,0.05
8703,BEL,IND,0.05
8703,BEL,USA,0.05
8703,BEL,JPN,0.05
8703,BEL,KOR,0.05
8703,BEL,DEU,0.05
8703,BEL,FRA,0.05
8703,BEL,ITA,0.05
8703,BEL,ESP,0.05
8703,BEL,GBR,0.05
8703,BEL,BRA,0.05
8703,BEL,MEX,0.05
8703,BEL,CAN,0.05
8703,BEL,TUR,0.05
8703,BEL,EGY,0.05
8703,BEL,NLD,0.05
8703,BEL,POL,0.05
8703,BEL,ZAF,0.05
8703,BEL,AUS,0.05
8703,BEL,OTH,0.05
8703,CZE,CHN,0.05
8703,CZE,IND,0.05
8703,CZE,USA,0.05
8703,CZE,JPN,0.05
8703,CZE,KOR,0.05
8703,CZE,DEU,0.05
8703,CZE,FRA,0.05
8703,CZE,ITA,0.05
8703,CZE,ESP,0.05
8703,CZE,GBR,0.05
8703,CZE,BRA,0.05
8703,CZE,MEX,0.05
8703,CZE,CAN,0.05
8703,CZE,TUR,0.05
8703,CZE,EGY,0.05
8703,CZE,NLD,0.05
8703,CZE,POL,0.05
8703,CZE,ZAF,0.05
8703,CZE,AUS,0.05
8703,CZE,OTH,0.05
8703,HUN,CHN,0.05
8703,HUN,IND,0.05
8703,HUN,USA,0.05
8703,HUN,JPN,0.05
8703,HUN,KOR,0.05
8703,HUN,DEU,0.05
8703,HUN,FRA,0.05
8703,HUN,ITA,0.05
8703,HUN,ESP,0.05
8703,HUN,GBR,0.05
8703,HUN,BRA,0.05
8703,HUN,MEX,0.05
8703,HUN,CAN,0.05
8703,HUN,TUR,0.05
8703,HUN,EGY,0.05
8703,HUN,NLD,0.05
8703,HUN,POL,0.05
8703,HUN,ZAF,0.05
8703,HUN,AUS,0.05
8703,HUN,OTH,0.05
